aa	662
ab	434
ab	455
ab	918
ac	533
ad	338
af	122
af	124
ag	190
ah	833
ai	107
ai	344
aj	905
ak	232
ak	271
al	766
al	816
am	798
am	853
an	194
an	278
an	708
ao	291
ap	296
aq	511
ar	939
at	539
at	681
at	753
au	261
au	382
av	622
av	674
aw	839
ax	292
ax	805
ay	174
ay	784
ay	999
ba	679
bc	325
bc	363
bd	337
bd	419
bd	657
bd	714
bd	893
be	267
be	682
bf	246
bi	766
bj	504
bk	971
bm	236
bm	326
bm	558
bm	690
bm	772
bn	504
bn	939
bo	395
bo	542
bo	941
bp	147
bp	626
bq	912
br	548
bt	451
bu	605
bv	479
bv	832
bx	335
cb	121
ce	709
ce	736
cf	398
cg	857
ch	994
ci	737
cj	982
ck	470
cl	280
cl	514
cn	683
co	722
cp	330
cp	749
cq	427
cq	469
cs	345
cs	359
cs	601
ct	376
ct	438
cu	360
cv	433
cv	544
cv	550
cv	638
cw	616
cw	750
cx	656
cx	978
cz	710
da	962
db	570
db	672
dd	905
de	247
de	635
de	804
df	100
df	463
df	871
dg	337
dg	901
dg	930
dh	351
dh	577
dj	553
dk	598
dk	906
dk	960
dm	302
do	398
do	488
dp	116
dp	718
dp	772
dq	534
dr	343
dr	623
dr	771
ds	393
du	244
du	442
dw	386
dw	643
dx	437
dx	445
dx	629
dy	652
dy	796
dz	920
ea	433
ea	784
eb	420
eb	871
ef	345
ef	808
ef	966
eh	508
eh	754
eh	802
eh	886
ei	305
ek	528
ek	866
el	366
eo	146
ep	456
eq	158
eq	382
er	217
er	863
eu	548
ev	625
ew	115
ew	292
ex	714
ex	953
ez	577
ez	646
fc	137
fc	453
fc	893
fd	727
fe	899
ff	264
ff	331
ff	501
ff	779
ff	789
fh	988
fi	714
fk	281
fk	739
fk	845
fl	181
fl	878
fn	108
fp	151
fq	529
fq	794
fq	972
fr	249
fr	623
fr	972
fs	350
fs	607
fs	693
ft	174
ft	213
fu	436
fu	601
fv	225
fv	392
fv	827
fx	421
ga	432
ga	476
ga	880
gb	766
gc	161
gc	401
gc	523
gc	791
gd	496
ge	707
gf	152
gg	665
gg	703
gg	791
gh	367
gi	947
gj	199
gj	324
gj	694
gk	846
gl	215
gm	555
gp	356
gq	541
gr	262
gr	775
gs	193
gs	236
gs	346
gs	672
gs	771
gt	690
gw	208
gw	831
gx	154
gx	230
gy	620
gz	187
ha	295
hb	671
hc	550
hd	123
hd	136
hd	256
hf	597
hf	710
hf	764
hf	873
hg	738
hh	888
hj	701
hk	681
hk	858
hk	943
hk	991
hl	172
hm	714
hn	493
hn	642
hn	724
ho	868
hp	213
hp	321
hp	378
hp	603
hq	530
hq	748
hr	723
hr	858
hr	959
hs	358
hs	745
hs	765
ht	270
ht	705
ht	771
hu	245
hu	657
hv	163
hw	488
hw	820
hy	408
hy	741
hz	112
ib	217
if	136
ig	598
ig	738
ig	892
ii	475
ij	236
ij	398
ik	418
il	591
im	251
im	721
im	991
io	152
io	846
ip	588
ip	635
iq	280
iq	382
ir	612
ir	995
it	146
it	283
it	516
iv	808
iw	568
iw	581
iw	661
ix	473
ix	583
ix	968
iy	371
iy	565
iz	697
ja	164
ja	331
jc	189
jc	535
jd	150
jd	297
jd	390
je	434
je	776
jf	375
jf	548
jh	256
jh	275
jj	318
jj	430
jk	197
jk	541
jk	809
jk	954
jl	754
jm	305
jm	455
jm	591
jm	978
jn	336
jn	807
jo	671
jo	786
jo	968
jq	924
js	247
js	258
js	453
js	815
ju	158
ju	168
ju	556
jv	118
jx	373
jx	583
jy	183
jz	324
jz	854
jz	856
jz	899
ka	498
kc	675
kc	966
ke	577
ke	800
ke	895
kf	565
kf	799
kf	828
kg	205
kh	239
ki	392
kk	263
km	493
km	903
kn	534
kp	347
kp	413
kq	414
kq	582
kq	760
ks	261
kt	457
ku	175
ku	930
kv	151
kv	440
kv	575
kw	550
kx	408
ky	495
ky	943
kz	412
la	673
lb	489
lb	564
lc	417
ld	114
ld	748
ld	800
lg	308
lg	856
lh	384
li	557
lk	880
ll	437
lm	212
lm	264
lm	312
ln	201
ln	792
lo	992
lp	261
lq	356
lq	487
lr	118
lr	283
lr	865
ls	801
lt	980
lu	206
lu	542
lu	699
lv	119
lv	352
lw	313
lw	545
lw	605
lx	175
lx	187
lx	297
lx	338
ly	420
lz	505
ma	257
mb	130
mc	104
mc	624
mc	715
mc	766
mc	802
me	658
mf	666
mf	676
mg	807
mh	115
mh	737
mi	628
mi	908
mj	787
mk	547
ml	924
mm	128
mm	241
mm	738
mo	209
mo	629
mp	212
mp	243
mq	319
mr	176
mr	394
mr	514
ms	413
mt	106
mt	160
mt	466
mu	627
mu	701
mu	823
mv	195
mv	463
mw	456
mw	803
mw	887
mx	298
mx	483
my	131
my	578
my	974
mz	892
mz	965
na	141
na	317
nc	291
nc	758
nd	657
nd	816
ne	130
ne	907
ne	919
ne	958
nf	477
nf	821
ng	801
ni	284
ni	393
nj	355
nj	805
nk	191
nk	282
nk	815
nl	119
nm	546
nm	771
no	795
np	441
nr	265
nr	267
nr	364
nr	668
nt	148
nt	275
nt	549
nu	133
nu	658
nv	499
nv	733
nx	219
nx	391
nx	485
ny	383
ny	513
ny	542
nz	552
nz	662
ob	611
ob	649
ob	938
of	399
og	415
og	795
oh	369
oh	461
oh	897
oh	929
oi	500
oi	709
oj	178
oj	412
oj	414
oj	432
ok	294
ok	508
ok	539
ok	890
ol	268
ol	407
ol	785
om	299
om	424
oo	631
oo	832
op	269
op	617
oq	952
or	520
or	563
or	650
or	871
os	630
os	773
ot	163
ou	551
ov	183
ov	615
ov	847
ov	933
ow	183
ow	586
ow	713
ow	939
oy	123
oy	396
oy	476
oz	218
oz	807
oz	824
oz	910
pa	639
pa	750
pb	140
pb	780
pd	725
pe	232
pf	405
pf	589
pf	658
pf	967
pi	733
pi	792
pi	927
pl	133
pl	817
pl	984
pm	334
pm	370
pm	636
pm	719
pn	899
pp	182
pp	497
pp	642
pq	353
pq	755
pr	183
pr	352
pr	853
ps	604
pt	404
pu	906
pu	945
pv	861
pw	329
pw	743
pw	975
px	141
px	635
py	779
py	790
pz	970
qa	806
qb	300
qb	678
qc	293
qd	104
qd	381
qd	542
qd	671
qd	778
qe	165
qf	281
qf	975
qh	113
qh	987
qi	645
qj	295
qj	560
qj	742
qk	275
ql	166
qo	829
qo	850
qp	527
qq	133
qr	165
qr	937
qr	982
qs	347
qs	979
qu	438
qu	620
qu	919
qv	280
qv	635
qw	193
qx	531
qx	647
qx	718
qy	146
qy	230
qz	933
ra	898
rb	171
rb	466
rc	319
rc	444
rd	488
rd	837
rf	486
rf	708
rg	286
rh	188
rh	778
rh	829
ri	194
ri	704
ri	770
rj	793
rk	108
rk	729
rl	621
rm	382
rm	833
ro	773
rp	184
rp	470
rp	619
rp	720
rp	832
rq	108
rq	326
rr	411
rs	655
rt	143
rt	149
rt	808
ru	354
ru	717
rv	399
rv	449
rw	399
ry	687
rz	947
sb	171
sb	184
sb	418
se	559
sf	509
si	202
si	303
sj	178
sj	510
sj	600
sk	146
sk	197
sk	434
sm	191
sm	869
sm	953
sn	488
so	205
so	468
sq	681
sr	838
sv	112
sv	179
sw	102
sw	127
sw	770
sw	787
sw	914
sy	542
sz	195
sz	652
tc	484
td	272
td	734
te	678
te	745
tf	137
tg	220
th	741
th	886
tj	377
tj	584
tj	783
tk	517
tk	522
tk	645
tk	646
tl	846
tm	132
tm	225
tm	394
tn	799
to	926
tp	759
tq	145
tq	184
tr	551
tr	692
tr	953
ts	832
tt	666
tu	399
tu	986
tv	655
tw	247
tx	543
ty	571
ty	603
tz	696
tz	959
ua	943
ub	200
ub	766
ud	795
ug	194
ui	287
ui	845
uj	276
uk	268
uo	572
uo	594
up	165
up	524
up	751
uq	344
uq	873
ur	632
ut	111
ut	746
uu	351
uy	854
uz	510
vb	408
vb	456
vb	460
vb	842
vb	953
vb	959
vc	395
vd	440
vd	886
vf	742
vg	819
vh	516
vi	391
vj	431
vj	805
vj	982
vl	177
vm	838
vn	357
vn	816
vn	914
vp	921
vs	963
vu	432
vu	616
vw	748
vw	848
vx	660
vy	135
wa	264
wa	953
wb	967
wc	140
we	198
we	388
wf	420
wf	701
wf	839
wg	713
wh	792
wi	594
wi	749
wj	468
wk	745
wl	426
wm	270
wm	626
wo	666
wo	674
wp	289
wp	351
wp	938
wp	952
wq	741
ws	299
ws	366
ws	773
wt	203
wt	304
wt	479
wt	965
wu	623
wu	849
wv	481
wv	553
ww	580
ww	692
wx	350
wy	101
wy	266
wy	789
wz	982
xa	857
xb	103
xb	172
xb	285
xb	493
xc	248
xg	108
xg	346
xg	811
xg	850
xi	427
xi	441
xi	482
xj	371
xj	955
xk	359
xk	398
xk	482
xl	153
xl	204
xl	674
xl	718
xm	227
xm	308
xn	391
xn	831
xo	137
xo	299
xo	567
xr	953
xs	160
xs	469
xs	666
xs	961
xt	145
xt	865
xu	175
xv	605
xv	694
xw	157
xw	178
xx	649
xx	722
xy	386
xy	603
xy	636
xy	684
xy	826
xz	400
ya	505
yb	124
yb	483
yb	653
yc	561
yc	875
yc	901
yd	882
ye	119
ye	517
ye	940
yg	614
yh	639
yh	859
yi	319
yl	347
ym	453
yn	226
yn	345
yn	730
yn	990
yo	236
yp	274
yp	795
yq	353
yq	460
yq	947
yr	814
yt	903
yt	990
yu	457
yu	896
yv	787
yw	329
yw	920
yw	934
yx	369
yy	581
yy	627
zb	289
zd	461
zd	790
zd	947
ze	926
zf	228
zf	816
zg	453
zh	549
zh	711
zi	217
zj	174
zj	449
zj	539
zj	695
zk	376
zl	218
zl	600
zl	674
zm	150
zm	159
zn	152
zn	535
zn	853
zo	326
zo	495
zq	890
zs	295
zt	444
zy	168
zy	449
zz	417
